{
  "dependencies": [
    {
      "name": "FlxPartialSound",
      "type": "git",
      "dir": null,
      "ref": "3c9f63e3501c20c0b60442089dc05306f5a87968",
      "url": "https://github.com/FunkinDroidTeam/FlxPartialSound.git"
    },
    {
      "name": "astc-compressor",
      "type": "git",
      "dir": null,
      "ref": "8c9f56927c523df7b849352c6951f04112fe15cc",
      "url": "https://github.com/KarimAkra/astc-compressor"
    },
    {
      "name": "extension-admob",
      "type": "git",
      "dir": null,
      "ref": "a53d5916bdcb2e48913f94d9ae1d949b049dcdc1",
      "url": "https://github.com/FunkinCrew/extension-admob"
    },
    {
      "name": "extension-androidtools",
      "type": "haxelib",
      "version": "2.2.1"
    },
    {
      "name": "extension-haptics",
      "type": "haxelib",
      "version": "1.0.3"
    },
    {
      "name": "extension-iapcore",
      "type": "haxelib",
      "version": "1.0.3"
    },
    {
      "name": "extension-iarcore",
      "type": "haxelib",
      "version": "1.0.2"
    },
    {
      "name": "flixel",
      "type": "git",
      "dir": null,
      "ref": "08fc955ca87f192a971719a675f1d3b21709725d",
      "url": "https://github.com/FunkinCrew/flixel"
    },
    {
      "name": "flixel-addons",
      "type": "git",
      "dir": null,
      "ref": "b9118f47f43a66bc0e5fbfcfd9903f0425e918ee",
      "url": "https://github.com/FunkinCrew/flixel-addons"
    },
    {
      "name": "flxanimate",
      "type": "git",
      "dir": null,
      "ref": "39c1572add28869c558b218fffed13df1b64f376",
      "url": "https://github.com/FunkinCrew/flxanimate"
    },
    {
      "name": "format",
      "type": "haxelib",
      "version": "3.5.0"
    },
    {
      "name": "funkin.vis",
      "type": "git",
      "dir": null,
      "ref": "1966f8fbbbc509ed90d4b520f3c49c084fc92fd6",
      "url": "https://github.com/FunkinCrew/funkVis"
    },
    {
      "name": "grig.audio",
      "type": "git",
      "dir": "src",
      "ref": "8567c4dad34cfeaf2ff23fe12c3796f5db80685e",
      "url": "https://github.com/FunkinCrew/grig.audio"
    },
    {
      "name": "hamcrest",
      "type": "haxelib",
      "version": "3.0.0"
    },
    {
      "name": "haxeui-core",
      "type": "git",
      "dir": null,
      "ref": "47ee9f5fa02d422e186e844f87e68220cabfcc5b",
      "url": "https://github.com/haxeui/haxeui-core"
    },
    {
      "name": "haxeui-flixel",
      "type": "git",
      "dir": null,
      "ref": "100f2c96beab619cfe72c567a058c41c71e3e998",
      "url": "https://github.com/haxeui/haxeui-flixel"
    },
    {
      "name": "hscript",
      "type": "git",
      "dir": null,
      "ref": "d60bb2947fa609fdc875ccfae89666a6984eeaf2",
      "url": "https://github.com/FunkinCrew/hscript"
    },
    {
      "name": "hxcpp",
      "type": "git",
      "dir": null,
      "ref": "4e24283a047f11bded6affabbc9ec405156e026e",
      "url": "https://github.com/FunkinCrew/hxcpp"
    },
    {
      "name": "hxcpp-debug-server",
      "type": "git",
      "dir": "hxcpp-debug-server",
      "ref": "147294123f983e35f50a966741474438069a7a8f",
      "url": "https://github.com/FunkinCrew/hxcpp-debugger"
    },
    {
      "name": "hxdiscord_rpc",
      "type": "git",
      "dir": null,
      "ref": "82c47ecc1a454b7dd644e4fcac7e91155f176dec",
      "url": "https://github.com/FunkinCrew/hxdiscord_rpc"
    },
    {
      "name": "hxjsonast",
      "type": "git",
      "dir": null,
      "ref": "20e72cc68c823496359775ac1f06500e67f189d5",
      "url": "https://github.com/nadako/hxjsonast/"
    },
    {
      "name": "hxp",
      "type": "haxelib",
      "version": "1.3.0"
    },
    {
      "name": "hxvlc",
      "type": "haxelib",
      "version": "2.2.2"
    },
    {
      "name": "json2object",
      "type": "git",
      "dir": null,
      "ref": "a8c26f18463c98da32f744c214fe02273e1823fa",
      "url": "https://github.com/FunkinCrew/json2object"
    },
    {
      "name": "jsonpatch",
      "type": "git",
      "dir": null,
      "ref": "f9b83215acd586dc28754b4ae7f69d4c06c3b4d3",
      "url": "https://github.com/EliteMasterEric/jsonpatch"
    },
    {
      "name": "jsonpath",
      "type": "git",
      "dir": null,
      "ref": "7a24193717b36393458c15c0435bb7c4470ecdda",
      "url": "https://github.com/EliteMasterEric/jsonpath"
    },
    {
      "name": "lime",
      "type": "git",
      "dir": null,
      "ref": "c750ebf6b48c4bc018abe9855fbae5ffdbc4771a",
      "url": "https://github.com/FunkinCrew/lime"
    },
    {
      "name": "mconsole",
      "type": "git",
      "dir": null,
      "ref": "06c0499ed8f80628a0e6e55ffa32c3cbd688a838",
      "url": "https://github.com/massive-oss/mconsole"
    },
    {
      "name": "mcover",
      "type": "git",
      "dir": "src",
      "ref": "c3c47cd682b0b202a41caee95321989391b617ef",
      "url": "https://github.com/massive-oss/mcover"
    },
    {
      "name": "mockatoo",
      "type": "git",
      "dir": "src",
      "ref": "13d77a0a8eaf5e789ef5dae6cd33eee812deda36",
      "url": "https://github.com/FunkinCrew/mockatoo"
    },
    {
      "name": "munit",
      "type": "git",
      "dir": "src",
      "ref": "f61be7f7ba796595f45023ca65164a485aba0e7e",
      "url": "https://github.com/FunkinCrew/MassiveUnit"
    },
    {
      "name": "newgrounds",
      "type": "git",
      "dir": null,
      "ref": "c8b30832027fa04f48fe6a45fa7903d5b265d56e",
      "url": "https://github.com/Geokureli/Newgrounds/"
    },
    {
      "name": "openfl",
      "type": "git",
      "dir": null,
      "ref": "a0df7c3afe360c9af59a76e45007dbf4e53b5131",
      "url": "https://github.com/FunkinCrew/openfl"
    },
    {
      "name": "polymod",
      "type": "git",
      "dir": null,
      "ref": "866f19edbcd872b3358f9a41f2f6a24c71c191d1",
      "url": "https://github.com/larsiusprime/polymod"
    },
    {
      "name": "thx.core",
      "type": "git",
      "dir": null,
      "ref": "76d87418fadd92eb8e1b61f004cff27d656e53dd",
      "url": "https://github.com/fponticelli/thx.core"
    },
    {
      "name": "thx.semver",
      "type": "git",
      "dir": null,
      "ref": "bdb191fe7cf745c02a980749906dbf22719e200b",
      "url": "https://github.com/fponticelli/thx.semver"
    }
  ]
}
